rang,requete,groupe,score,demande_30j,nb_outils,nb_actifs,part_leader,part_payante,faiblesse_leader,croissance,leader,leader_url,raisons
1,doctolib,France,16.89,72,39,1,0.167,0.972,0.3,,Redfin Scraper,https://apify.com/rigelbytes/redfin-scraper,72% d'exécutions réussies
2,gdpr,Europe,16.7,786,32,2,0.922,0.997,0.0,,Bulk Email Verifier & Validator — BounceVerify $0.89/1k,https://apify.com/bounceverify/bounceverify-email-verifier,
3,insee,France,16.46,10738,24,5,0.506,1.0,0.0,,Facebook Groups Scraper,https://apify.com/apify/facebook-groups-scraper,
4,public tender,Europe,15.7,50,28,1,0.28,1.0,0.3,,EU TED Tenders — Public Procurement Notice Scraper,https://apify.com/foxlabs/ted-tenders,85% d'exécutions réussies
5,boamp,France,15.6,309,32,4,0.472,1.0,0.4,,Linkedin Sales Navigator Scraper,https://apify.com/bestscrapers/linkedin-sales-navigator-scraper,note 3.4/5 (30 avis)
6,leboncoin seller,Outils pour vendeurs,15.14,261,34,4,0.295,1.0,0.4,,Leboncoin.fr Scraper | $1 / 1k | Fast & Reliable,https://apify.com/fatihtahta/leboncoin-fr-scraper,note 3.6/5 (8 avis)
7,eudr,Europe,14.75,121,34,1,0.116,1.0,0.0,,NoFluffJobs Scraper — Tech Jobs Poland & Europe,https://apify.com/blackfalcondata/nofluffjobs-scraper,
8,eu vat,Europe,14.62,28,30,0,0.036,1.0,0.0,,EU VAT Validator — Compliance Monitoring & Alerts,https://apify.com/ryanclinton/eu-vat-validator,
9,vies,Europe,14.47,27,28,0,0.037,1.0,0.0,,"Spain Tax ID Validator — NIF, CIF, NIE, IBAN & EU VAT (VIES)",https://apify.com/iberiq/spain-tax-id-validator,
10,eur-lex,Europe,14.31,26,26,0,0.154,1.0,0.0,,"eBay Business Leads Scraper — Emails, VAT & Company Numbers",https://apify.com/programmx/ebay-business-leads,
11,europe,Europe,13.98,94,38,1,0.149,1.0,0.0,,NoFluffJobs Scraper — Tech Jobs Poland & Europe,https://apify.com/blackfalcondata/nofluffjobs-scraper,
12,marches publics,France,13.3,460,31,3,0.485,0.998,0.0,,Instagram Profile Scraper · Verified Emails · No Login,https://apify.com/data-slayer/instagram-user-info-scraper-cookieless,
13,siret,France,13.06,101,37,3,0.297,1.0,0.3,,Pagesjaunes Scraper,https://apify.com/saswave/pagesjaunes-scraper,67% d'exécutions réussies
14,sirene,France,12.62,62,36,1,0.194,0.984,0.0,,Pappers / Sirene Scraper: 26M French Companies SIREN/SIRET,https://apify.com/dltik/pappers-sirene-scraper,
15,amazon kdp,Outils pour vendeurs,12.13,51,9,1,0.333,1.0,0.0,,"Fiverr Scraper — Gigs, Sellers, Prices & Market Analysis",https://apify.com/datascoutlab/fiverr-scraper,
16,lead generation,Marchés B2B,11.97,1464,29,6,0.325,1.0,0.0,,Company Detail Scraper for LinkedIn (No Cookies),https://apify.com/apimaestro/linkedin-company-detail,
17,youtube transcript,Marchés B2B,11.6,9436,32,22,0.256,1.0,0.4,,Youtube Transcript Scraper,https://apify.com/pintostudio/youtube-transcript-scraper,note 3.7/5 (49 avis)
18,leboncoin,France,11.29,365,34,9,0.211,0.989,0.4,,Leboncoin.fr Scraper | $1 / 1k | Fast & Reliable,https://apify.com/fatihtahta/leboncoin-fr-scraper,note 3.6/5 (8 avis)
19,compliance,Europe,11.2,41,32,1,0.268,0.951,0.0,,"Corporate Decision Intelligence: KYC, Compliance, Supplier Risk",https://apify.com/ryanclinton/opencorporates-search,
20,shopify seo,Outils pour vendeurs,11.14,311,32,4,0.441,0.997,0.0,,Shopify & WooCommerce Leads Database | 60M+ Websites,https://apify.com/apivault_labs/website-leads-database,
21,infogreffe,France,10.74,32,17,1,0.375,1.0,0.0,,Pappers / Sirene Scraper: 26M French Companies SIREN/SIRET,https://apify.com/dltik/pappers-sirene-scraper,
22,seloger,France,10.55,128,37,3,0.352,1.0,0.0,,SeLoger Scraper 💰 $0.9/1K France Real Estate Extractor,https://apify.com/azzouzana/seloger-mass-products-scraper-by-search-url,
23,company data,Marchés B2B,10.42,1441,38,17,0.438,1.0,0.4,,Linkedin Profile Scraper with Email & Company Data (No Cookie),https://apify.com/datadoping/linkedin-profile-scraper,note 3.4/5 (11 avis)
24,societe.com,France,10.26,170,40,7,0.106,1.0,0.3,,Spain Company Directory Scraper - Registro Mercantil,https://apify.com/regdata/spain-company-directory-scraper,40% d'exécutions réussies
25,welcome to the jungle,France,10.15,306,37,5,0.448,1.0,0.0,,Welcome to the Jungle Scraper - WTTJ Jobs Fast Export,https://apify.com/clearpath/welcome-to-the-jungle-jobs-api,
26,data.gouv,France,10.02,100,31,3,0.25,1.0,0.0,,Leboncoin Real Estate Scraper,https://apify.com/leadsbrary/leboncoin-real-estate-scraper,
27,french,France,9.77,89,39,3,0.135,1.0,0.0,,Pappers / Sirene Scraper: 26M French Companies SIREN/SIRET,https://apify.com/dltik/pappers-sirene-scraper,
28,pappers,France,9.69,170,40,4,0.182,0.941,0.0,,Shopify Store Leads Scraper,https://apify.com/parsebird/shopify-store-leads-scraper,
29,pagesjaunes,France,9.65,168,36,8,0.179,1.0,0.3,,Pagesjaunes Scraper,https://apify.com/saswave/pagesjaunes-scraper,67% d'exécutions réussies
30,bienici,France,9.49,148,37,4,0.203,0.953,0.0,,"Pige Immo FR: 20 Portals, Address + Price Tracking",https://apify.com/dltik/pige-immo-fr-scraper,
31,bodacc,France,9.3,119,35,4,0.227,1.0,0.0,,France Travail Scraper: 700K+ FR Jobs (Pôle Emploi),https://apify.com/dltik/francetravail-scraper,
32,annuaire,France,9.16,174,38,5,0.333,1.0,0.0,,"Canada411 Scraper: Business Phones, Addresses",https://apify.com/fayoussef/canada411-ca,
33,gumroad,Outils pour vendeurs,8.82,57,26,3,0.281,1.0,0.0,,Gumroad Scraper,https://apify.com/muhammetakkurtt/gumroad-scraper,
34,vinted,Outils pour vendeurs,8.78,303,30,7,0.254,1.0,0.0,,Vinted Scraper,https://apify.com/epicscrapers/vinted-search-scraper,
35,email finder,Marchés B2B,8.78,4062,36,32,0.189,0.996,0.4,,🍏 Leads Finder - Email 📧 + Mobile Number 📞​,https://apify.com/microworlds/leads-finder,note 3.7/5 (113 avis)
36,print on demand,Outils pour vendeurs,8.73,304,38,6,0.234,0.859,0.0,,"💰 Etsy Scraper — Product Research, Tags, Prices & Sales",https://apify.com/yumitori/etsy-search-scraper,
37,france,France,8.68,202,35,6,0.223,0.99,0.0,,SeLoger Scraper 💰 $0.9/1K France Real Estate Extractor,https://apify.com/azzouzana/seloger-mass-products-scraper-by-search-url,
38,ai agent,Marchés B2B,8.44,264,32,7,0.174,0.97,0.0,,Google Events | Scrape Google Events for AI Agents,https://apify.com/johnvc/google-events-api---access-google-events-data,
39,mcp,Marchés B2B,8.42,482,35,16,0.149,0.99,0.3,,Google Keyword Planner MCP,https://apify.com/smacient/google-keyword-planner-mcp,84% d'exécutions réussies
40,indeed france,France,8.18,914,33,12,0.437,0.991,0.0,,"Multi Job Board Scraper — LinkedIn, Indeed, Glassdoor & More",https://apify.com/openclawai/job-board-scraper,
41,pap.fr,France,7.9,191,36,7,0.236,0.958,0.0,,"Google Scholar | Research Papers, Citations & Author Profiles",https://apify.com/johnvc/google-scholar-api,
42,linkedin,Marchés B2B,7.87,95272,39,39,0.19,1.0,0.0,,Linkedin Jobs Scraper,https://apify.com/curious_coder/linkedin-jobs-scraper,
43,digital products,Outils pour vendeurs,7.79,171,32,7,0.228,0.971,0.0,,HelloWork Jobs Scraper,https://apify.com/shahidirfan/HelloWork-Jobs-Scraper,
44,etsy seo,Outils pour vendeurs,7.69,377,35,9,0.188,0.886,0.0,,"💰 Etsy Scraper — Product Research, Tags, Prices & Sales",https://apify.com/yumitori/etsy-search-scraper,
45,real estate,Marchés B2B,7.64,1366,37,32,0.206,1.0,0.4,,"Idealista Scraper - Real Estate Data for Spain, Italy, Portugal",https://apify.com/igolaizola/idealista-scraper,note 3.8/5 (22 avis)
46,job listings,Marchés B2B,7.56,2918,38,20,0.498,0.999,0.0,,Career Site Job Listing API,https://apify.com/fantastic-jobs/career-site-job-listing-api,
47,google maps,Marchés B2B,7.52,56806,40,39,0.644,1.0,0.0,,Google Maps Scraper,https://apify.com/compass/crawler-google-places,
48,pinterest,Outils pour vendeurs,7.36,1615,38,18,0.232,1.0,0.0,,Pinterest Scraper | All-In-One,https://apify.com/fatihtahta/pinterest-scraper-search,
49,reviews,Marchés B2B,7.31,36695,39,38,0.184,1.0,0.0,,Google Maps Reviews Scraper,https://apify.com/compass/Google-Maps-Reviews-Scraper,
50,tiktok,Marchés B2B,7.3,47185,40,40,0.481,1.0,0.0,,TikTok Scraper,https://apify.com/clockworks/tiktok-scraper,
51,france travail,France,7.22,136,37,5,0.199,0.654,0.0,,France Travail Scraper: 700K+ FR Jobs (Pôle Emploi),https://apify.com/dltik/francetravail-scraper,
52,dvf,France,7.14,107,33,4,0.28,0.57,0.0,,"Pige Immo FR: 20 Portals, Address + Price Tracking",https://apify.com/dltik/pige-immo-fr-scraper,
53,amazon,Marchés B2B,7.1,6654,30,28,0.3,1.0,0.0,,Amazon Product Scraper,https://apify.com/junglee/Amazon-crawler,
54,legifrance,France,6.99,4,6,0,0.25,1.0,0.0,,JORF Scraper: French Official Journal API (Legifrance + DILA),https://apify.com/dltik/jorf-bulletin-officiel-scraper,
55,shopify,Marchés B2B,6.77,894,32,18,0.219,1.0,0.0,,"Shopify Store Leads Scraper - Emails, Phones & Ratings",https://apify.com/clearpath/shopify-store-leads,
56,price monitoring,Marchés B2B,6.55,2175,37,25,0.167,1.0,0.0,,Google Flights API,https://apify.com/johnvc/Google-Flights-Data-Scraper-Flight-and-Price-Search,
57,etsy,Outils pour vendeurs,5.99,1193,36,25,0.242,0.987,0.0,,🔥 Etsy Listings Scraper – Live Carts & Ads,https://apify.com/yumitori/etsy-listings-scraper,
